Rich Cat (Easy)|Rich Cat (Normal)|Rich Cat (Hard)|＠|||||||
Speed Cat (Easy)|Speed Cat (Normal)|Speed Cat (Hard)|＠|||||||
Cat Jobs (Easy)|Cat Jobs (Normal)|Cat Jobs (Hard)|＠|||||||
Sniper Cat (Easy)|Sniper Cat (Normal)|Sniper Cat (Hard)|＠|||||||
Helpful Cat (Easy)|Helpful Cat (Normal)|Helpful Cat (Hard)|＠|||||||
Sweet XP (Easy)|Sweet XP (Normal)|Sweet XP (Hard)|＠|||||||
Love, Metal Hippoe (Hard)|＠|||||||||
Super Metal Hippoe (Expert)|＠|||||||||
Athletic Meet|Anti Halloween|Winning and Losing|＠|||||||
Weeklong Meetings|Co-workers don't work|Stress Relief Stress|Jobs in Jobs Security|Pay without Leave|Value of Last Minute|＠||||
That Night|That Song|Warm Stew|Cat & Snow|Part Time Santa|Santa or Satan!?|Santa is on Salary|Happy Merry X-mas|＠||
No Happy Holidays|Holiday Diet Fail|No More Resolutions|Just One More Drink|After After Party|Forgot the Countdown|Blackout|Hangover|＠||
Angelic Devil|Dracula Donates Blood|My Pet Werewolf|Sunbathing Mummies|Soul Leasing|Lucifer Likes to Smile|Zombies being Healthy|Humans are Scarier|＠||
Bear Grills|Bearly Dressed|With a Ton of Padding|Bees with Ears|Arming Bears|Going Bipolar|Fighting Bearhanded|Can't Bear Anymore|＠||
Attack on R-Cyclone (Expert)|＠|||||||||
Attack on B-Cyclone (Expert)|＠|||||||||
Attack on W-Cyclone (Expert)|＠|||||||||
Dark Souls (Insane)|＠|||||||||
Absolute Defence (Insane)|＠|||||||||
Berserk (Insane)|＠|||||||||
Festival Gross (Insane)|＠|||||||||
Head Shaker (Insane)|＠|||||||||
Flappy Cat (Insane)|＠|||||||||
Fish Hell (Insane)|＠|||||||||
Mammals? (Insane)|＠|||||||||
Crazy Cats (Insane)|＠|||||||||
Cat School Musical|I can feel it|The Catbook|P.S Cat Loves You|100 Cat Dates|Lament|I L U|Let's Start Over|＠||
Sweet XP (Easy)|Sweet XP (Normal)|Sweet XP (Hard)|Sweet XP (Veteran)|Sweet XP (Expert)|Sweet XP (Insane)|＠||||
Sweet XP (Easy)|Sweet XP (Normal)|Sweet XP (Hard)|Sweet XP (Veteran)|Sweet XP (Expert)|Sweet XP (Insane)|＠||||
Liking Love|No More Duckface!|Read but No Reply|Online Dating!|Blocked on FB!|Work or Me!|Let's Just Be Friends|Never Give Up!|＠||
Wedding Toils|Sending a Friend|BGM is "Macarena"|Bouquet Finds Water|Family Drama Woes|Mistook Bride's Name|Ex says I object|… No, I Do Not|＠||
Glutton Next Door|Summer Already?|Something About Cats|Summertime Smoothie|Starving in Summer|Boy Meats Girl|Sandbags on the Cape|Right here, right meow|＠||
Dad's back to haunt us|But we're on vacation|Can't pass thru walls?|Just hit the skies!|Wasting inheritance|Hiring fake mourners|Grave is just plastic…|I'm not here anymore.|＠||
Special Thanks! (Insane)|＠|||||||||
Ultra Stress! (Insane)|＠|||||||||
Miracle Tactics! (Insane)|＠|||||||||
Dawn Joggers|Day Job = Boxers|Escaping the Home|300 Years Probation|Bearhanded Brawler|Trophy Wives|Living the Dream|Wife Still the Boss|＠||
|＠|||||||||
Gotta Warm Up First|Awkward Entrance|Dad, No Videos!|The Sack Race|Faster Barefoot|Egg-Glue-Spoon|Chicken Run|Everyone Wins|＠||
Oncoming Maelstrom (Expert)|＠|||||||||
Grats! 2 Years!!|＠|||||||||
Grats! 2 Years!!|＠|||||||||
Grats! 2 Years!!|＠|||||||||
Attack on Titanium (Insane)|＠|||||||||
First Sunrise!|＠|||||||||
Taking the Stage (Veteran)|Taking the Stage (Insane)|＠||||||||
Path of Kung-Fu (Expert)|Path of Kung-Fu (Insane)|＠||||||||
Mr.-ious Evolution (Expert)|Mr.-ious Evolution (Insane)|＠||||||||
Bound to Evolve (Expert)|Bound to Evolve (Insane)|＠||||||||
Whipped into Shape (Expert)|Whipped into Shape (Insane)|＠||||||||
Boxing Clever (Expert)|Boxing Clever (Insane)|＠||||||||
No Frills Evolution (Expert)|No Frills Evolution (Insane)|＠||||||||
Hell on 3 Wheels (Expert)|Hell on 3 Wheels (Insane)|＠||||||||
Way of the Ninja (Veteran)|Way of the Ninja (Insane)|＠||||||||
Shambling Along (Expert)|Shambling Along (Insane)|＠||||||||
Way of the Samurai (Veteran)|Way of the Samurai (Insane)|＠||||||||
Oh Yokozuna! (Expert)|Oh Yokozuna! (Insane)|＠||||||||
Boogie Up (Expert)|Boogie Up (Insane)|＠||||||||
Skirting Danger (Veteran)|Skirting Danger (Insane)|＠||||||||
Refined Palate (Insane)|＠|||||||||
Mallow March|Marzi Pain|Cavity Creeping|＠|||||||
Eastern Cave|＠|||||||||
Western Walk|＠|||||||||
Southern Fort|＠|||||||||
Northern Crater|＠|||||||||
Poppin' in 3D!|Fight your Friends!|Player VS Player|Pay Only Once!|No I-A-P!|Get Those Ubers|Conquer the Galaxy|At Nintendo eShop!|＠||
Black Hole Rising (Insane)|＠|||||||||
|＠|||||||||
Joy of 20 Million!|＠|||||||||
Tornado Carnival (Deadly)|Awakened Carnival (Deadly)|＠||||||||
Wonderful Conquest (Insane)|＠|||||||||
Faster Than Fast Food|＠|||||||||
Sweet Samhain|Lantern O'Jack|Cosplay Carnival|Trick or Treatment|Hello Hello Halloween|Harvest Festival|＠||||
Rich Cat (Veteran)|＠|||||||||
Speed Cat (Veteran)|＠|||||||||
Cat Jobs (Veteran)|＠|||||||||
Sniper Cat (Veteran)|＠|||||||||
Helpful Cat (Veteran)|＠|||||||||
Steel Visage (Deadly)|＠|||||||||
Elite Corps (Insane)|＠|||||||||
Grats! 3 Years!!|＠|||||||||
Coming to Town!|Reindeer Games|Whipped Cream|Coup d'Workshop|War on Xmas|＠|||||
Year's First Dawn!|＠|||||||||
Growing Up (Expert)|Growing Up (Insane)|＠||||||||
Something Wicked (Expert)|Something Wicked (Insane)|＠||||||||
Dolled Up (Expert)|Dolled Up (Insane)|＠||||||||
Order Maiden (Expert)|Order Maiden (Insane)|＠||||||||
Carp A Diem (Expert)|Carp A Diem (Insane)|＠||||||||
Bridal Blues (Expert)|Bridal Blues (Insane)|＠||||||||
End of Holiday (Expert)|End of Holiday (Insane)|＠||||||||
No Need to Curse! (Expert)|No Need to Curse! (Insane)|＠||||||||
Old Master (Expert)|Old Master (Insane)|＠||||||||
Sweat and Tears (Expert)|Sweat and Tears (Insane)|＠||||||||
Nine to Five Fever (Expert)|Nine to Five Fever (Insane)|＠||||||||
Reindeer Road (Expert)|Reindeer Road (Insane)|＠||||||||
No Plan A (Deadly)|＠|||||||||
Oncoming Storm (Insane)|＠|||||||||
Green Envy (Hard)|Green Envy (Expert)|Green Envy (Insane)|＠|||||||
Violet Flash (Hard)|Violet Flash (Expert)|Violet Flash (Insane)|＠|||||||
Red Passions (Hard)|Red Passions (Expert)|Red Passions (Insane)|＠|||||||
Blue Illusion (Hard)|Blue Illusion (Expert)|Blue Illusion (Insane)|＠|||||||
Rays of Gold (Hard)|Rays of Gold (Expert)|Rays of Gold (Insane)|＠|||||||
Deathhawk (Deadly)|＠|||||||||
Vulcanizer (Deadly)|＠|||||||||
Unjust War (Deadly)|＠|||||||||
Muscle Party (Deadly)|＠|||||||||
Lots O' Lion (Deadly)|＠|||||||||
Forest Beasts (Deadly)|＠|||||||||
Ogre Island (Deadly)|＠|||||||||
Draconian (Deadly)|＠|||||||||
Resident Feline (Deadly)|＠|||||||||
Tragedy in Red (Insane)|＠|||||||||
Explosion in the Sky (Insane)|＠|||||||||
|＠|||||||||
Nuts 'n' Bolts (Insane)|＠|||||||||
Short Shorts|Squirtgun Warfare|Candy Apple Dentistry|Mosquito Hell|Sparkler Heaven|Backyard BBQ|＠||||
Sender Unknown|＠|||||||||
Realm of Carnage (Deadly)|＠|||||||||
Green Envy (Hard)|Green Envy (Expert)|Green Envy (Insane)|＠|||||||
Honey Trap (Deadly)|＠|||||||||
Tornado Carnival II (Deadly)|Awakened Carnival II (Deadly)|＠||||||||
Meatless Wieners|Deep Fried Air|Burnt to Perfection|Not Quite Organic|Outta Change...|Always In the Red|＠||||
Unholy Tempest (Insane)|＠|||||||||
Four Years of Fun!!|＠|||||||||
Tempered in Flame (Deadly)|＠|||||||||
Langue de Chat|White Dove|Snow at Dawn|Buddha of Romance|Icy Desire|＠|||||
Year's First Dawn|＠|||||||||
Savage Instinct|Bloodstained Claws|The 222 Incident|＠|||||||
Parade of the Dead (Deadly)|＠|||||||||
Season of Rebirth|Bunny Bros.|Island Egg Hunt|Native Cultures|Most Ancient|Rongorongo|＠||||
Tiny Meows (Deadly)|＠|||||||||
Tiny Will (Deadly)|＠|||||||||
Tiny Chopper (Deadly)|＠|||||||||
Tiny Creeper (Deadly)|＠|||||||||
Tiny Horns (Deadly)|＠|||||||||
Tiny Wings (Deadly)|＠|||||||||
Tiny Fins (Deadly)|＠|||||||||
Tiny Tail (Deadly)|＠|||||||||
Tiny Fists (Deadly)|＠|||||||||
We're Number One|＠|||||||||
Gold in a Coal Mine|I My Me Miner|Golden Age's Dawn|Never Not Shovelin'|Dreams Come False|＠|||||
|＠|||||||||
Rainy Day Races|Tinpot Trophy|Stormcloud Stakes|Paradise Derby|Slimy Stallions|＠|||||
Kartopia (Expert)|Kartopia (Insane)|＠||||||||
|＠|||||||||
Joy of 30 Million!|＠|||||||||
Megaton Blast (Insane)|＠|||||||||
None More Squishy|＠|||||||||
Bloomin' Brightly (Easy)|＠|||||||||
Kids At School|I Am A Cat|c2 ＝ a2 ＋ b2|War of the Roses|N2+3H2→2NH3|＠|||||
Impact Site (Normal)|Impact Site (Veteran)|Impact Site (Insane)|＠|||||||
Brushfire (Normal)|Brushfire (Veteran)|Brushfire (Insane)|＠|||||||
Ancient Ruins (Normal)|Ancient Ruins (Veteran)|Ancient Ruins (Insane)|＠|||||||
Value Ordeal (Normal)|＠|||||||||
No Shame in 2nd|Silver Anniversary|A Distant Road|＠|||||||
Taste of Success (Merciless)|＠|||||||||
Five Years of Fun!!|＠|||||||||
The Wormhole Opens (Deadly)|＠|||||||||
N-1 Grand Prix (Deadly)|＠|||||||||
Year's First Dawn|＠|||||||||
Pencil Launcher|Demon Drill Sgt|One-Use Cannon|Sanitary Corps|Cat Army's Day Off|＠|||||
in JAPAN|in LONDON|in NEW YORK|＠|||||||||||
An Elder Secret (Merciless)|＠|||||||||||||
|＠|||||||||||||
Rainy Day Races|Tinpot Trophy|Stormcloud Stakes|Paradise Derby|Slimy Stallions|＠|
The Ex Appears|Awkward S.O.|Family Feuding|Double Proposal|Show Me The Stars|＠|
Leak Year|Cats of Yesterday|Heat Wave Blues|Lazy Tomorrow|Young Nyan|＠|