1|Gather treasure so you<br>can clear Chapter 2!
1|Clear Chapter 2 to<br>get a cool Special unit!
1|Get earlier Treasure<br>to help in the Future!
1|Get the treasure of Now!
2|Clear Ch. 2 and get<br>a special unit!
2|Try "Empire of Cats" first!
3|Gather treasure so you<br>can clear Chapter 3!
3|Clear Chapter 3 to<br>get a Special unit!
3|Try "Empire of Cats" first!
4|Clear Ch. 3 for a<br>special gift!
4|Ready for a challenge?
5|Collecting more Treasure<br>powers up your Cats!
5|Getting treasure is key<br>to "Into the Future"!
5|Prepare well before trying<br>Future/Legend stages!
5|Get treasures from<br>Empire of Cats first!
6|Cats now rule<br>the World! Congrats!
6|All treasure collected!<br>Niiiiice!
7|Try to get all treasures<br>from Empire of Cats!
8|Try to get all treasures<br>from Empire of Cats!
9|Try to get all treasures<br>from Empire of Cats!
10|Treasure Festival, on now!!<br>
10|Treasure drop rate raised!<br>Now's the time, go for it!
11|Treasure Festival, on now!!<br>
11|Treasure drop rate raised!<br>Now's the time, go for it!
12|Treasure Festival, on now!!<br>
12|Treasure drop rate raised!<br>Now's the time, go for it!
13|Power up your army in<br>Empire of Cats first!
13|The Future has lots of<br>super tough enemies!
13|Take on "Into the Future"!
14|Getting all Treasures<br>is the key to victory!
14|Get all treasures from<br>the Future chapters!
15|Unlock new CatCombos<br>by clearing Chapter 2!
15|Gather treasure so you<br>can clear Chapter 2!
16|Clear Ch. 3 and get<br>a special unit!
16|Chapter 3 awaits!
16|Gather treasure so you<br>can clear Chapter 3!
17|Clear Ch. 3 and unlock<br>new CatCombos!
17|Gather treasure so you<br>can clear Chapter 3!
18|Getting treasure is key<br>to a successful strategy!
18|Congrats on clearing Ch. 3<br>of Into the Future!!
18|Get all treasures from<br>earlier Future chapters!
19|Cats now rule<br>Time and Space! Congrats!
19|All treasure collected!<br>Niiiiice!
20|Event Stage, On Now!
21|Blitz Stage<br>Available Now!
21|Only Now!<br>Blitz Stage
22|Limited Collaboration<br>happening right now!
22|Check out the Collab event!
23|Event Stage, On Now!<br>Try the Limited Stage!
23|Event Stage, On Now!
24|Half-Energy Event!!<br>On now in Ch. 1!
24|Play stages in Ch. 1<br>for 1/2 Energy cost!
25|Half-Energy Event!!<br>On now in Ch. 2!
25|Play stages in Ch. 2<br>for 1/2 Energy cost!
26|Half-Energy Event!!<br>On now in Ch. 3!
26|Play stages in Ch. 3<br>for 1/2 Energy cost!
27|Half-Energy Event!!<br>On now in Ch. 1 + 2!
27|Stages in Ch. 1 or 2<br>cost 1/2 Energy!
28|Half-Energy Event!!<br>On now in Ch. 1 + 3!
28|Stages in Ch. 1 or 3<br>cost 1/2 Energy!
29|Half-Energy Event!!<br>On now in Ch. 2 + 3!
29|Stages in Ch. 2 or 3<br>cost 1/2 Energy!
30|Half-Energy Event!!<br>On now!
30|Stages cost 50% Energy!<br>More battles!!! Let's go!
31|Half-Energy Event!!<br>On now in Ch. 1!
31|Play stages in Ch. 1<br>for 1/2 Energy cost!
32|Half-Energy Event!!<br>On now in Ch. 2!
32|Play stages in Ch. 2<br>for 1/2 Energy cost!
33|Half-Energy Event!!<br>On now in Ch. 3!
33|Play stages in Ch. 3<br>for 1/2 Energy cost!
34|Half-Energy Event!!<br>On now in Ch. 1 + 2!
34|Stages in Ch. 1 or 2<br>cost 1/2 Energy!
35|Half-Energy Event!!<br>On now in Ch. 1 + 3!
35|Stages in Ch. 1 or 3<br>cost 1/2 Energy!
36|Half-Energy Event!!<br>On now in Ch. 2 + 3!
36|Stages in Ch. 2 or 3<br>cost 1/2 Energy!
37|Half-Energy Event!!<br>On now!
37|Stages cost 50% Energy!<br>More battles!!! Let's go!
38|Half-Energy Event!!<br>On in Special Stages!
39|Zombie Outbreaks<br>appearing in Ch. 1!
40|Zombie Outbreaks<br>appearing in Ch. 2!
41|Zombie Outbreaks<br>appearing in Ch. 3!
42|Zombie Outbreaks<br>in Chapters 1 and 2!
43|Zombie Outbreaks<br>in Chapters 1 and 3!
44|Zombie Outbreaks<br>in Chapters 2 and 3!
45|Zombie Outbreaks<br>EVERYWHERE!
46|Ranking Event<br>On Now!
47|Event Finished!<br>Now ranking...
48|Check out the<br>final rankings!
49|Power up in the Future<br>to conquer the Cosmos!
49|Space has crazy tough<br>enemies everywhere!
49|Invade the invaders!
50|Cosmos Ch. 1<br>CLEARED!
50|Can you get all<br>Ch. 2 treasures?
51|Get Ch. 2 treasures<br>for cool rewards!
51|Do your best to get<br>all Ch. 2 treasures!
52|Get all treasures from<br>Into the Future chapters!
53|Get all treasures from<br>Into the Future chapters!
54|Get all treasures from<br>Into the Future chapters!
55|Get all treasures from<br>Into the Future chapters!
56|Ready for a challenge?
57|Get all treasures from<br>Empire of Cats chapters!
58|Get all treasures from<br>Empire of Cats chapters!
59|Clear Future Ch. 2 to<br>earn a powerful Cat!
60|Get all treasures from<br>Empire of Cats chapters!
61|Get all treasures from<br>Into the Future chapters!
62|Getting all treasures,<br>that's the trick!
62|Get Cosmos treasures<br>FOR VICTORY!
63|Cosmos Ch. 2<br>CLEARED!
63|More treasures<br>await... Let's go!
64|Getting all treasures,<br>that's the trick!
64|Get all Cosmos<br>Treasure!
65|Cosmos Ch. 2<br>Treasure Complete!
65|Cosmos Ch. 2<br>Treasure Complete!