0,1,2,3,4,5,6,7,8,-1,					// 0:OK【4.4.0】通常にゃんこガチャ(ユニット)ALLセット（2.0より実装）
0,1,2,3,4,5,6,7,8,-1,					// 1:OK【4.4.0】『アイテム入り』にゃんこガチャ(ユニット)
-1,							// 2:OK【4.4.0】『アイテムのみ』にゃんこガチャ(ユニット)
-1,							// 3:OK【5.1.0】『マタタビ入り』にゃんこガチャ
-1,							// 4:NG【5.1.0】『ネコビタン入り』にゃんこガチャ
-1,							// 5:OK【5.1.0】『キャッツアイ入り』にゃんこガチャ
313,312,311,247,246,245,211,210,209,-1,			// 6:OK【7.1.0】にゃんこ福引2018年6月
-1,							// 7:OK【7.1.0】にゃんこ福引Ｇ2018年6月
313,312,311,247,246,245,211,210,209,-1,			// 8:OK【7.2.0】にゃんこ福引2018年7月
-1,							// 9:OK【7.2.0】にゃんこ福引Ｇ2018年7月
313,312,311,247,246,245,211,210,209,-1,			//10:OK【7.2.0】にゃんこ福引2018年受験
-1,	//11セット(ユニット)
-1,	//12セット(ユニット)
-1,	//13セット(ユニット)
-1,	//14セット(ユニット)
-1,	//15セット(ユニット)
-1,	//16セット(ユニット)
-1,	//17セット(ユニット)
-1,	//18セット(ユニット)
-1,	//19セット(ユニット)
-1,	//20セット(ユニット)
-1,	//21セット(ユニット)
-1,	//22セット(ユニット)
-1,	//23セット(ユニット)
-1,	//24セット(ユニット)
-1,	//25セット(ユニット)
-1,	//26セット(ユニット)
-1,	//27セット(ユニット)
-1,	//28セット(ユニット)
-1,	//29セット(ユニット)
-1,	//30セット(ユニット)
-1,	//31セット(ユニット)
-1,	//32セット(ユニット)
-1,	//33セット(ユニット)
-1,	//34セット(ユニット)
-1,	//35セット(ユニット)
-1,	//36セット(ユニット)
-1,	//37セット(ユニット)
-1,	//38セット(ユニット)
-1,	//39セット(ユニット)
-1,	//40セット(ユニット)
-1,	//41セット(ユニット)
-1,	//42セット(ユニット)
-1,	//43セット(ユニット)
-1,	//44セット(ユニット)
-1,	//45セット(ユニット)
-1,	//46セット(ユニット)
-1,	//47セット(ユニット)
-1,	//48セット(ユニット)
-1,	//49セット(ユニット)
-1,	//50セット(ユニット)
-1,	//51セット(ユニット)
-1,	//52セット(ユニット)
-1,	//53セット(ユニット)
-1,	//54セット(ユニット)
-1,	//55セット(ユニット)
-1,	//56セット(ユニット)
-1,	//57セット(ユニット)
-1,	//58セット(ユニット)
-1,	//59セット(ユニット)
-1,	//60セット(ユニット)
-1,	//61セット(ユニット)
-1,	//62セット(ユニット)
-1,	//63セット(ユニット)
-1,	//64セット(ユニット)
-1,	//65セット(ユニット)
-1,	//66セット(ユニット)
-1,	//67セット(ユニット)
-1,	//68セット(ユニット)
-1,	//69セット(ユニット)
-1,	//70セット(ユニット)
-1,	//71セット(ユニット)
-1,	//72セット(ユニット)
-1,	//73セット(ユニット)
-1,	//74セット(ユニット)
-1,	//75セット(ユニット)
-1,	//76セット(ユニット)
-1,	//77セット(ユニット)
-1,	//78セット(ユニット)
-1,	//79セット(ユニット)
-1,	//80セット(ユニット)
-1,	//81セット(ユニット)
-1,	//82セット(ユニット)
-1,	//83セット(ユニット)
-1,	//84セット(ユニット)
-1,	//85セット(ユニット)
-1,	//86セット(ユニット)
-1,	//87セット(ユニット)
-1,	//88セット(ユニット)
-1,	//89セット(ユニット)
-1,	//90セット(ユニット)
-1,	//91セット(ユニット)
-1,	//92セット(ユニット)
-1,	//93セット(ユニット)
-1,	//94セット(ユニット)
-1,	//95セット(ユニット)
-1,	//96セット(ユニット)
-1,	//97セット(ユニット)
-1,	//98セット(ユニット)
-1,	//99セット(ユニット)
-1,	//100セット(ユニット)

(ユニット)
//注意!!ユニットの番号ではなく画像番号なので注意!!NO.がひとつ少ない。
//ノーマルガチャチケットで回せる
//-1の後は自動的に-1がすべて入る。(-1は存在しないと意味です。)
//0:ネコ
//1:タンクネコ～									