0,1,2,3,4,5,11,12,-1,					// 0:NG【4.5.0】にゃんこ福引
-1,1,							// 1:  【4.2.0】モンハン大狩猟クエスト
10,11,12,-1,2,						// 2:  【4.7.0】にゃんパズル＆ねば～る君
0,0,0,1,2,3,3,4,5,11,11,11,12,12,12,-1,		// 3:NG【5.7.0】2016にゃんこ福引
0,0,0,1,2,3,3,4,5,11,11,11,12,12,12,-1,		// 4:NG【5.10.0】にゃんこ福引2017春
0,0,0,1,2,3,3,4,5,11,11,11,12,12,12,-1,		// 5:NG【6.0.0】にゃんこ福引2017GW
0,0,0,1,2,3,3,4,5,11,11,11,12,12,12,-1,		// 6:NG【6.1.0】にゃんこ福引2017梅雨
0,0,0,1,2,3,3,4,5,11,11,11,12,12,12,-1,		// 7:NG【6.3.0】にゃんこ福引2017夏
0,0,0,1,2,3,3,4,5,11,11,11,12,12,12,-1,		// 8:NG【6.4.0】にゃんこ福引2017銀週間
0,0,0,1,2,3,3,4,5,11,11,11,12,12,12,-1,		// 9:NG【6.7.0】にゃんこ福引2018正月
0,0,0,1,2,3,3,4,5,11,11,11,12,12,12,-1,		//10:NG【6.9.0】にゃんこ福引2018受験
0,0,0,1,2,3,3,4,5,11,11,11,12,12,12,-1,		//11:NG【7.0.0】にゃんこ福引2018GW
-1,	//12セット(アイテム)
-1,	//13セット(アイテム)
-1,	//14セット(アイテム)
-1,	//15セット(アイテム)
-1,	//16セット(アイテム)
-1,	//17セット(アイテム)
-1,	//18セット(アイテム)
-1,	//19セット(アイテム)
-1,	//20セット(アイテム)
-1,	//21セット(アイテム)
-1,	//22セット(アイテム)
-1,	//23セット(アイテム)
-1,	//24セット(アイテム)
-1,	//25セット(アイテム)
-1,	//26セット(アイテム)
-1,	//27セット(アイテム)
-1,	//28セット(アイテム)
-1,	//29セット(アイテム)
-1,	//30セット(アイテム)
-1,	//31セット(アイテム)
-1,	//32セット(アイテム)
-1,	//33セット(アイテム)
-1,	//34セット(アイテム)
-1,	//35セット(アイテム)
-1,	//36セット(アイテム)
-1,	//37セット(アイテム)
-1,y	//38セット(アイテム)
-1,	//39セット(アイテム)
-1,	//40セット(アイテム)
-1,	//41セット(アイテム)
-1,	//42セット(アイテム)
-1,	//43セット(アイテム)
-1,	//44セット(アイテム)
-1,	//45セット(アイテム)
-1,	//46セット(アイテム)
-1,	//47セット(アイテム)
-1,	//48セット(アイテム)
-1,	//49セット(アイテム)
-1,	//50セット(アイテム)
-1,	//51セット(アイテム)
-1,	//52セット(アイテム)
-1,	//53セット(アイテム)
-1,	//54セット(アイテム)
-1,	//55セット(アイテム)
-1,	//56セット(アイテム)
-1,	//57セット(アイテム)
-1,	//58セット(アイテム)
-1,	//59セット(アイテム)
-1,	//60セット(アイテム)
-1,	//61セット(アイテム)
-1,	//62セット(アイテム)
-1,	//63セット(アイテム)
-1,	//64セット(アイテム)
-1,	//65セット(アイテム)
-1,	//66セット(アイテム)
-1,	//67セット(アイテム)
-1,	//68セット(アイテム)
-1,	//69セット(アイテム)
-1,	//70セット(アイテム)
-1,	//71セット(アイテム)
-1,	//72セット(アイテム)
-1,	//73セット(アイテム)
-1,	//74セット(アイテム)
-1,	//75セット(アイテム)
-1,	//76セット(アイテム)
-1,	//77セット(アイテム)
-1,	//78セット(アイテム)
-1,	//79セット(アイテム)
-1,	//80セット(アイテム)
-1,	//81セット(アイテム)
-1,	//82セット(アイテム)
-1,	//83セット(アイテム)
-1,	//84セット(アイテム)
-1,	//85セット(アイテム)
-1,	//86セット(アイテム)
-1,	//87セット(アイテム)
-1,	//88セット(アイテム)
-1,	//89セット(アイテム)
-1,	//90セット(アイテム)
-1,	//91セット(アイテム)
-1,	//92セット(アイテム)
-1,	//93セット(アイテム)
-1,	//94セット(アイテム)
-1,	//95セット(アイテム)
-1,	//96セット(アイテム)
-1,	//97セット(アイテム)
-1,	//98セット(アイテム)
-1,	//99セット(アイテム)
-1,	//100セット(アイテム)