-1,										// 0:OK【4.4.0】通常にゃんこガチャ(アイテム)（2.0より実装）
0,1,2,3,4,5,11,12,13,14,15,16,-1,						// 1:OK【4.4.0】『アイテム入り』にゃんこガチャ(アイテム)
0,1,2,3,4,5,11,12,13,14,15,16,-1,						// 2:OK【4.4.0】『アイテムのみ』にゃんこガチャ(アイテム)
0,1,2,3,4,5,10,11,12,13,14,15,16,30,31,32,33,34,35,36,37,38,39,40,-1,		// 3:NG【5.1.0】『マタタビ入り』にゃんこガチャ
10,11,55,56,57,-1,								// 4:OK【5.1.0】『ネコビタン入り』にゃんこガチャ
10,11,12,14,50,51,52,53,-1,							// 5:OK【5.1.0】『キャッツアイ入り』にゃんこガチャ
0,0,0,1,2,3,3,4,5,11,11,11,12,12,12,-1,						// 6:OK【7.1.0】にゃんこ福引2018年6月
57,57,57,17,56,56,56,19,55,55,55,78,78,78,-1,					// 7:OK【7.1.0】にゃんこ福引Ｇ2018年6月
0,0,0,1,2,3,3,4,5,11,11,11,12,12,12,-1,						// 8:OK【7.2.0】にゃんこ福引2018年7月
57,57,57,17,56,56,56,19,55,55,55,78,78,78,-1,					// 9:OK【7.2.0】にゃんこ福引Ｇ2018年7月
0,0,0,1,2,3,3,4,5,11,11,11,12,12,12,-1,						//10:OK【7.2.0】にゃんこ福引2018年受験
-1,	//11セット(アイテム)
-1,	//12セット(アイテム)
-1,	//13セット(アイテム)
-1,	//14セット(アイテム)
-1,	//15セット(アイテム)
-1,	//16セット(アイテム)
-1,	//17セット(アイテム)
-1,	//18セット(アイテム)
-1,	//19セット(アイテム)
-1,	//20セット(アイテム)
-1,	//21セット(アイテム)
-1,	//22セット(アイテム)
-1,	//23セット(アイテム)
-1,	//24セット(アイテム)
-1,	//25セット(アイテム)
-1,	//26セット(アイテム)
-1,	//27セット(アイテム)
-1,	//28セット(アイテム)
-1,	//29セット(アイテム)
-1,	//30セット(アイテム)
-1,	//31セット(アイテム)
-1,	//32セット(アイテム)
-1,	//33セット(アイテム)
-1,	//34セット(アイテム)
-1,	//35セット(アイテム)
-1,	//36セット(アイテム)
-1,	//37セット(アイテム)
-1,	//38セット(アイテム)
-1,	//39セット(アイテム)
-1,	//40セット(アイテム)
-1,	//41セット(アイテム)
-1,	//42セット(アイテム)
-1,	//43セット(アイテム)
-1,	//44セット(アイテム)
-1,	//45セット(アイテム)
-1,	//46セット(アイテム)
-1,	//47セット(アイテム)
-1,	//48セット(アイテム)
-1,	//49セット(アイテム)
-1,	//50セット(アイテム)
-1,	//51セット(アイテム)
-1,	//52セット(アイテム)
-1,	//53セット(アイテム)
-1,	//54セット(アイテム)
-1,	//55セット(アイテム)
-1,	//56セット(アイテム)
-1,	//57セット(アイテム)
-1,	//58セット(アイテム)
-1,	//59セット(アイテム)
-1,	//60セット(アイテム)
-1,	//61セット(アイテム)
-1,	//62セット(アイテム)
-1,	//63セット(アイテム)
-1,	//64セット(アイテム)
-1,	//65セット(アイテム)
-1,	//66セット(アイテム)
-1,	//67セット(アイテム)
-1,	//68セット(アイテム)
-1,	//69セット(アイテム)
-1,	//70セット(アイテム)
-1,	//71セット(アイテム)
-1,	//72セット(アイテム)
-1,	//73セット(アイテム)
-1,	//74セット(アイテム)
-1,	//75セット(アイテム)
-1,	//76セット(アイテム)
-1,	//77セット(アイテム)
-1,	//78セット(アイテム)
-1,	//79セット(アイテム)
-1,	//80セット(アイテム)
-1,	//81セット(アイテム)
-1,	//82セット(アイテム)
-1,	//83セット(アイテム)
-1,	//84セット(アイテム)
-1,	//85セット(アイテム)
-1,	//86セット(アイテム)
-1,	//87セット(アイテム)
-1,	//88セット(アイテム)
-1,	//89セット(アイテム)
-1,	//90セット(アイテム)
-1,	//91セット(アイテム)
-1,	//92セット(アイテム)
-1,	//93セット(アイテム)
-1,	//94セット(アイテム)
-1,	//95セット(アイテム)
-1,	//96セット(アイテム)
-1,	//97セット(アイテム)
-1,	//98セット(アイテム)
-1,	//99セット(アイテム)
-1,	//100セット(アイテム)									