-1,	//(にゃんこ砲?　関係)ALLセット(能力)
-1,	//1セット(能力)
-1,	//2セット(能力)
-1,	//3セット(能力)
-1,	//4セット(能力)
-1,	//5セット(能力)
-1,	//6セット(能力)
-1,	//7セット(能力)
-1,	//8セット(能力)
-1,	//9セット(能力)
-1,	//10セット(能力)
-1,	//11セット(能力)
-1,	//12セット(能力)
-1,	//13セット(能力)
-1,	//14セット(能力)
-1,	//15セット(能力)
-1,	//16セット(能力)
-1,	//17セット(能力)
-1,	//18セット(能力)
-1,	//19セット(能力)
-1,	//20セット(能力)
-1,	//21セット(能力)
-1,	//22セット(能力)
-1,	//23セット(能力)
-1,	//24セット(能力)
-1,	//25セット(能力)
-1,	//26セット(能力)
-1,	//27セット(能力)
-1,	//28セット(能力)
-1,	//29セット(能力)
-1,	//30セット(能力)
-1,	//31セット(能力)
-1,	//32セット(能力)
-1,	//33セット(能力)
-1,	//34セット(能力)
-1,	//35セット(能力)
-1,	//36セット(能力)
-1,	//37セット(能力)
-1,	//38セット(能力)
-1,	//39セット(能力)
-1,	//40セット(能力)
-1,	//41セット(能力)
-1,	//42セット(能力)
-1,	//43セット(能力)
-1,	//44セット(能力)
-1,	//45セット(能力)
-1,	//46セット(能力)
-1,	//47セット(能力)
-1,	//48セット(能力)
-1,	//49セット(能力)
-1,	//50セット(能力)
-1,	//51セット(能力)
-1,	//52セット(能力)
-1,	//53セット(能力)
-1,	//54セット(能力)
-1,	//55セット(能力)
-1,	//56セット(能力)
-1,	//57セット(能力)
-1,	//58セット(能力)
-1,	//59セット(能力)
-1,	//60セット(能力)
-1,	//61セット(能力)
-1,	//62セット(能力)
-1,	//63セット(能力)
-1,	//64セット(能力)
-1,	//65セット(能力)
-1,	//66セット(能力)
-1,	//67セット(能力)
-1,	//68セット(能力)
-1,	//69セット(能力)
-1,	//70セット(能力)
-1,	//71セット(能力)
-1,	//72セット(能力)
-1,	//73セット(能力)
-1,	//74セット(能力)
-1,	//75セット(能力)
-1,	//76セット(能力)
-1,	//77セット(能力)
-1,	//78セット(能力)
-1,	//79セット(能力)
-1,	//80セット(能力)
-1,	//81セット(能力)
-1,	//82セット(能力)
-1,	//83セット(能力)
-1,	//84セット(能力)
-1,	//85セット(能力)
-1,	//86セット(能力)
-1,	//87セット(能力)
-1,	//88セット(能力)
-1,	//89セット(能力)
-1,	//90セット(能力)
-1,	//91セット(能力)
-1,	//92セット(能力)
-1,	//93セット(能力)
-1,	//94セット(能力)
-1,	//95セット(能力)
-1,	//96セット(能力)
-1,	//97セット(能力)
-1,	//98セット(能力)
-1,	//99セット(能力)
-1,	//100セット(能力)
-1,	//101セット（能力）
-1,	//102セット（能力）
-1,	//103セット（能力）
-1,	//104セット（能力）
-1,	//105セット（能力）
-1,	//106セット（能力）
-1,	//107セット（能力）
-1,	//108セット（能力）
-1,	//109セット（能力）
-1,	//110セット（能力）
-1,	//111セット（能力）
-1,	//112セット（能力）
-1,	//113セット（能力）
-1,	//114セット（能力）
-1,	//115セット（能力）
-1,	//116セット（能力）
-1,	//117セット（能力）
-1,	//118セット（能力）
-1,	//119セット（能力）
-1,	//120セット（能力）
-1,	//121セット（能力）
-1,	//122セット（能力）
-1,	//123セット（能力）
-1,	//124セット（能力）
-1,	//125セット（能力）
-1,	//126セット（能力）
-1,	//127セット（能力）
-1,	//128セット（能力）
-1,	//129セット（能力）
-1,	//130セット（能力）
-1,	//131セット（能力）
-1,	//132セット（能力）
-1,	//133セット（能力）
-1,	//134セット（能力）
-1,	//135セット（能力）
-1,	//136セット（能力）
-1,	//137セット（能力）
-1,	//138セット（能力）
-1,	//139セット（能力）
-1,	//140セット（能力）
-1,	//141セット（能力）
-1,	//142セット（能力）
-1,	//143セット（能力）
-1,	//144セット（能力）
-1,	//145セット（能力）
-1,	//146セット（能力）
-1,	//147セット（能力）
-1,	//148セット（能力）
-1,	//149セット（能力）
-1,	//150セット（能力）
-1,	//151セット（能力）
-1,	//152セット（能力）
-1,	//153セット（能力）
-1,	//154セット（能力）
-1,	//155セット（能力）
-1,	//156セット（能力）
-1,	//157セット（能力）
-1,	//158セット（能力）
-1,	//159セット（能力）
-1,	//160セット（能力）
-1,	//161セット（能力）
-1,	//162セット（能力）
-1,	//163セット（能力）
-1,	//164セット（能力）
-1,	//165セット（能力）
-1,	//166セット（能力）
-1,	//167セット（能力）
-1,	//168セット（能力）
-1,	//169セット（能力）
-1,	//170セット（能力）
-1,	//171セット（能力）
-1,	//172セット（能力）
-1,	//173セット（能力）
-1,	//174セット（能力）
-1,	//175セット（能力）
-1,	//176セット（能力）
-1,	//177セット（能力）
-1,	//178セット（能力）
-1,	//179セット（能力）
-1,	//180セット（能力）
-1,	//181セット（能力）
-1,	//182セット（能力）
-1,	//183セット（能力）
-1,	//184セット（能力）
-1,	//185セット（能力）
-1,	//186セット（能力）
-1,	//187セット（能力）
-1,	//188セット（能力）
-1,	//189セット（能力）
-1,	//190セット（能力）
-1,	//191セット（能力）
-1,	//192セット（能力）
-1,	//193セット（能力）
-1,	//194セット（能力）
-1,	//195セット（能力）
-1,	//196セット（能力）
-1,	//197セット（能力）
-1,	//198セット（能力）
-1,	//199セット（能力）
-1,	//200セット（能力）
-1,	//201セット（能力）
-1,	//202セット（能力）
-1,	//203セット（能力）
-1,	//204セット（能力）
-1,	//205セット（能力）
-1,	//206セット（能力）
-1,	//207セット（能力）
-1,	//208セット（能力）
-1,	//209セット（能力）
-1,	//210セット（能力）
-1,	//211セット（能力）
-1,	//212セット（能力）
-1,	//213セット（能力）
-1,	//214セット（能力）
-1,	//215セット（能力）
-1,	//216セット（能力）
-1,	//217セット（能力）
-1,	//218セット（能力）
-1,	//219セット（能力）
-1,	//220セット（能力）
-1,	//221セット（能力）
-1,	//222セット（能力）
-1,	//223セット（能力）
-1,	//224セット（能力）
-1,	//225セット（能力）
-1,	//226セット（能力）
-1,	//227セット（能力）
-1,	//228セット（能力）
-1,	//229セット（能力）
-1,	//230セット（能力）
-1,	//231セット（能力）
-1,	//232セット（能力）
-1,	//233セット（能力）
-1,	//234セット（能力）
-1,	//235セット（能力）
-1,	//236セット（能力）
-1,	//237セット（能力）
-1,	//238セット（能力）
-1,	//239セット（能力）
-1,	//240セット（能力）
-1,	//241セット（能力）
-1,	//242セット（能力）
-1,	//243セット（能力）
-1,	//244セット（能力）
-1,	//245セット（能力）
-1,	//246セット（能力）
-1,	//247セット（能力）
-1,	//248セット（能力）
-1,	//249セット（能力）
-1,	//250セット（能力）
-1,	//251セット（能力）
-1,	//252セット（能力）
-1,	//253セット（能力）
-1,	//254セット（能力）
-1,	//255セット（能力）
-1,	//256セット（能力）
-1,	//257セット（能力）
-1,	//258セット（能力）
-1,	//259セット（能力）
-1,	//260セット（能力）
-1,	//261セット（能力）
-1,	//262セット（能力）
-1,	//263セット（能力）
-1,	//264セット（能力）
-1,	//265セット（能力）
-1,	//266セット（能力）
-1,	//267セット（能力）
-1,	//268セット（能力）
-1,	//269セット（能力）
-1,	//270セット（能力）
-1,	//271セット（能力）
-1,	//272セット（能力）
-1,	//273セット（能力）
-1,	//274セット（能力）
-1,	//275セット（能力）
-1,	//276セット（能力）
-1,	//277セット（能力）
-1,	//278セット（能力）
-1,	//279セット（能力）
-1,	//280セット（能力）
-1,	//281セット（能力）
-1,	//282セット（能力）
-1,	//283セット（能力）
-1,	//284セット（能力）
-1,	//285セット（能力）
-1,	//286セット（能力）
-1,	//287セット（能力）
-1,	//288セット（能力）
-1,	//289セット（能力）
-1,	//290セット（能力）
-1,	//291セット（能力）
-1,	//292セット（能力）
-1,	//293セット（能力）
-1,	//294セット（能力）
-1,	//295セット（能力）
-1,	//296セット（能力）
-1,	//297セット（能力）
-1,	//298セット（能力）
-1,	//299セット（能力）
-1,	//300セット（能力）
-1,	//301セット（能力）
-1,	//302セット（能力）
-1,	//303セット（能力）
-1,	//304セット（能力）
-1,	//305セット（能力）
-1,	//306セット（能力）
-1,	//307セット（能力）
-1,	//308セット（能力）
-1,	//309セット（能力）
-1,	//310セット（能力）


(能力)
※キャラデータの後ろにつきます！！
XPで回すガチャ	ノーマルガチャチケット
-1の後は自動的に-1がすべて入る。(-1は存在しないと意味です。)
0:にゃんこ砲		破壊力
※1:にゃんこ砲		射程(無しなので出ないので注意)
2:にゃんこ砲		チャージ
3:働きネコ仕事効率
4:働きネコお財布
5:お城体力
6:研究力
7:会計力
8:勉強力
9:統率力
