MapID	openMapStageSterID	priority	UnlockPopupID	getCharaID	CharFileName	00AnimeLoop	01AnimeLoop	GiftMessage
3000	-1	1	51	-1	003	4	1	GiftMessage_003
3000	-1	1	52	-1	004	4	1	GiftMessage_004
3001	-1	1	49	-1	000	4	1	GiftMessage_000
3002	-1	1	50	-1	001	4	1	GiftMessage_001
3003	-1	1	24	-1	011	4	1	GiftMessage_011
3004	-1	1	53	-1	002	4	1	GiftMessage_002
3005	-1	1	54	-1	007	4	1	GiftMessage_007
3006	-1	1	58	-1	010	4	1	GiftMessage_010
0	3000470	1	-1	1300	005	4	1	GiftMessage_005
0	3000470	2	-1	1720	006	4	1	GiftMessage_006
0	3000470	3	-1	2680	008	4	1	GiftMessage_008
0	3000470	4	-1	3230	009	4	1	GiftMessage_009
0	48000	5	66	-1	012	4	1	GiftMessage_012
3007	-1	1	70	-1	010	4	1	GiftMessage_013
